SNP,CHR,BP,A1,A2,FRQ,BETA,OR,SE,Z,P
rs6656401,1,207692049,A,G,0.783563,-0.1381,0.871012,0.0122,-11.3197,1.371e-29
rs6733839,2,127892810,C,T,0.394804,0.1785,1.1954228832734786,0.0101,17.673267326732674,2.3669999999999996e-69
rs35349669,2,234068476,C,T,0.512418,0.0649,1.0670523138173715,0.0098,6.622448979591837,3.575e-11
rs9381040,6,41154650,C,T,0.353016,-0.0594,0.942329761855924,0.0105,-5.657142857142857,1.546e-8
rs9381563,6,47432637,C,T,0.656474,-0.0751,0.9276507166184828,0.01,-7.51,5.83e-14
rs1476679,7,100004446,C,T,0.729872,0.0929,1.097351994581681,0.0105,8.847619047619046,9.925e-19
rs10808026,7,143099133,C,A,0.204181,-0.0936,0.9106469481779949,0.0121,-7.735537190082645,1.127e-14
rs4236673,8,27464929,A,G,0.61071,0.11,1.11628,0.0099,11.1111,1.065e-28
rs7920721,10,11720308,A,G,0.393236,0.0657,1.06791,0.0099,6.63636,3.167e-11
rs12292911,11,47449072,G,A,0.368736,0.0572,1.058867562732107,0.0097,5.896907216494845,3.304e-9
rs1582763,11,60021948,G,A,0.32763,-0.0876,0.916127254344654,0.0099,-8.848484848484848,1.0059999999999999e-18
rs10792832,11,85867875,A,G,0.667275,0.1235,1.13145,0.0099,12.4747,5.0760000000000006e-36
rs11218343,11,121435587,T,C,0.0344953,-0.2129,0.808237,0.0254,-8.38189,4.578999999999999e-17
rs17125924,14,53391680,A,G,0.0994194,0.1104,1.11672,0.0163,6.77301,1.344e-11
rs12590654,14,92938855,G,A,0.347035,-0.0782,0.924779452156286,0.0114,-6.859649122807018,8.214e-12
rs59685680,15,51001534,T,G,0.246999,-0.0693,0.933047,0.0121,-5.72727,9.166e-9
rs593742,15,59045774,A,G,0.297965,-0.0693,0.933047,0.0104,-6.66346,2.782e-11
rs889555,16,31122571,C,T,0.322234,-0.0591,0.9426125031935608,0.0108,-5.472222222222222,4.106e-8
rs4985556,16,70694000,C,A,0.087634600000000007,0.0821,1.085564360837992,0.0149,5.51006711409396,3.668999999999999e-8
rs12444183,16,81773209,A,G,0.656545,0.0543,1.0558,0.0098,5.54082,3.153e-8
rs7225151,17,5137047,G,A,0.117604,0.0982,1.103183399726256,0.0143,6.867132867132867,6.06e-12
rs138190086,17,61538148,G,A,0.0168662,0.2264,1.2540771958437242,0.0377,6.005305039787799,1.947e-9
rs3752231,19,1043638,C,T,0.238936,0.0874,1.0913331256735368,0.0121,7.223140495867769,4.374e-13
rs41289512,19,45351516,C,G,0.0299673,0.9146,2.49578,0.0268,34.1269,6.699999999999997e-255
rs12459419,19,51728477,C,T,0.336009,-0.0659,0.9362244820588584,0.0114,-5.780701754385965,7.965e-9
rs6069736,20,54983075,C,T,0.088,-0.1114,0.8945808450150142,0.0175,-6.365714285714285,1.9949999999999998e-10
